<?xml version="1.0" encoding="UTF-8"?>
<project-private xmlns="http://www.netbeans.org/ns/project-private/1">
    <editor-bookmarks xmlns="http://www.netbeans.org/ns/editor-bookmarks/2" lastBookmarkId="0"/>
    <open-files xmlns="http://www.netbeans.org/ns/projectui-open-files/2">
        <group>
            <file>file:/home/adriano/Documentos/repositorioSeminarios/flyweight/src/flyweight/FactoryUrna.java</file>
            <file>file:/home/adriano/Documentos/repositorioSeminarios/flyweight/src/flyweight/Localizacao.java</file>
            <file>file:/home/adriano/Documentos/repositorioSeminarios/flyweight/src/flyweight/Cliente.java</file>
            <file>file:/home/adriano/Documentos/repositorioSeminarios/flyweight/src/flyweight/Urna.java</file>
            <file>file:/home/adriano/Documentos/repositorioSeminarios/flyweight/src/aleatorio/GeradorUrnaALeatoria.java</file>
        </group>
    </open-files>
</project-private>
